sample_id,continuous_values,binary_values,multiclass_values
10000,61.0,0,2.0
100000,71.6666666667,1,3.0
10001,68.75,0,2.0
10002,61.0,1,1.0
10003,81.25,0,2.0
10004,81.75,1,1.0
10005,76.6666666667,0,2.0
10006,113.5,0,4.0
10007,75.0,0,2.0
10008,79.25,0,2.0
10009,80.75,1,1.0
10010,85.0,0,4.0
10011,71.0,0,2.0
10012,113.5,0,1.0
10013,92.25,1,3.0
10014,96.75,1,4.0
10015,69.75,0,1.0
10016,89.0,1,2.0
10017,87.5,1,4.0
10018,90.0,1,1.0
10019,60.5,1,1.0
1002,102.75,1,2.0
10020,72.5,0,1.0
10021,59.5,1,2.0
10022,73.5,1,3.0
10023,96.25,0,2.0
10024,64.0,1,1.0
10025,62.25,1,4.0
10026,63.0,0,4.0
1061,97.75,0,1.0
1062,94.0,1,1.0
1063,84.0,0,2.0
1066,128.0,1,4.0
1074,98.25,1,1.0
108,70.0,0,1.0
1137,111.25,0,3.0
1158,98.75,1,4.0
1254,92.0,0,1.0
1257,94.6666666667,1,2.0
1317,104.25,1,1.0
1318,89.75,1,2.0
1363,104.75,1,4.0
1367,101.75,1,3.0
139,68.75,0,1.0
1435,72.25,1,2.0
1552,104.0,1,1.0
1585,103.5,0,2.0
159,72.0,0,2.0
1829,94.75,1,2.0
1853,71.5,0,3.0
1872,80.25,1,3.0
1890,101.0,1,1.0
1925,89.5,0,4.0
1954,93.0,1,1.0
2016,77.5,0,4.0
2171,79.0,1,2.0
2202,97.75,0,3.0
2276,83.0,0,2.0
2278,79.25,1,3.0
2317,77.0,0,3.0
265,63.5,1,2.0
350,68.5,0,4.0
351,69.25,1,2.0
403,63.5,1,4.0
410,76.0,1,4.0
424,83.25,1,4.0
428,75.75,0,1.0
430,92.3333333333,0,1.0
4779,68.6666666667,1,2.0
4807,79.75,1,1.0
4826,60.0,0,1.0
4884,70.25,1,3.0
4900,71.0,1,1.0
4931,62.75,1,4.0
4958,91.25,1,2.0
5023,61.0,1,3.0
5104,60.0,0,1.0
5151,81.75,1,4.0
5165,86.5,1,3.0
5210,96.0,1,3.0
5236,58.5,0,1.0
5253,62.75,0,1.0
5276,74.5,1,2.0
5349,92.0,1,4.0
5353,71.0,0,3.0
5470,154.6666666667,0,4.0
5486,60.5,0,1.0
5506,125.0,1,2.0
5535,81.5,1,2.0
5577,66.75,0,4.0
5644,60.75,0,2.0
5720,92.0,0,2.0
5726,74.0,0,2.0
5741,97.25,0,3.0
5748,60.75,1,1.0
5757,87.75,1,4.0
5768,96.25,1,3.0
5772,66.75,0,2.0
5778,66.25,1,2.0
5779,90.5,1,3.0
5784,101.75,0,1.0
5800,61.75,1,1.0
5811,72.0,1,3.0
5818,65.75,0,1.0
5822,112.75,1,4.0
5829,66.75,1,2.0
5830,97.75,1,2.0
5831,99.5,0,4.0
5832,88.5,1,4.0
5835,73.0,1,1.0
5837,80.5,1,2.0
5856,119.0,0,4.0
5865,109.75,0,2.0
5867,130.5,0,1.0
5874,78.0,0,1.0
5890,78.25,1,4.0
5893,73.75,1,1.0
5907,66.5,0,4.0
5921,82.5,1,4.0
5950,81.25,1,3.0
5964,72.5,1,4.0
5984,66.75,0,2.0
5993,82.5,1,2.0
6008,73.5,0,2.0
6009,103.0,0,3.0
6011,97.3333333333,0,4.0
6012,102.0,1,2.0
6013,93.75,1,1.0
6016,87.3333333333,1,3.0
6017,96.5,1,2.0
6019,103.5,1,2.0
6020,94.0,0,2.0
6021,94.25,0,1.0
6023,93.75,0,4.0
6024,106.75,1,4.0
6025,129.25,1,4.0
6030,107.25,0,1.0
6034,102.75,1,1.0
6035,83.0,0,1.0
6036,94.25,1,4.0
6038,91.25,0,2.0
6039,91.0,1,3.0
6040,93.25,0,1.0
6041,78.75,0,2.0
6042,63.5,0,2.0
6043,110.0,1,2.0
6046,117.25,1,4.0
6064,103.6666666667,0,3.0
6069,107.25,1,3.0
6070,106.75,0,4.0
6071,120.75,1,2.0
6073,102.25,1,4.0
6074,101.0,0,4.0
6076,121.5,1,4.0
6085,124.25,0,1.0
6086,100.5,1,4.0
6088,107.6666666667,0,2.0
6090,94.75,0,4.0
6092,103.0,1,2.0
6094,101.75,0,2.0
6097,114.5,1,2.0
6098,112.25,1,1.0
6099,117.0,1,1.0
6100,102.0,0,4.0
6102,122.3333333333,0,4.0
6104,100.0,0,2.0
6105,97.75,0,3.0
6106,102.0,1,4.0
6107,119.0,0,4.0
6108,78.75,0,1.0
6109,100.75,1,3.0
6111,111.75,1,2.0
6112,94.5,0,1.0
6113,132.6666666667,1,2.0
6114,97.0,0,2.0
6115,97.5,0,2.0
6118,98.25,0,1.0
6122,101.5,1,1.0
6124,129.5,1,3.0
6125,106.25,1,1.0
6126,103.25,1,2.0
6127,124.0,0,3.0
6128,122.3333333333,0,2.0
6129,109.75,1,3.0
6131,119.0,1,1.0
6132,106.0,1,1.0
6133,111.75,0,1.0
6134,110.0,0,1.0
6136,96.5,1,1.0
6137,92.5,0,2.0
6138,97.0,1,3.0
6140,98.75,1,4.0
6142,98.5,0,4.0
6145,116.0,1,2.0
6148,105.0,1,2.0
6149,106.0,0,1.0
6150,111.3333333333,1,3.0
6151,99.5,0,1.0
6153,149.25,0,3.0
6154,149.3333333333,0,4.0
6163,157.5,1,3.0
6166,144.0,0,3.0
6169,116.0,1,2.0
6171,103.25,0,4.0
6172,110.5,1,3.0
6173,91.75,0,2.0
6174,100.0,0,1.0
6177,99.0,1,4.0
6180,71.0,1,4.0
6184,93.6666666667,0,3.0
6188,73.25,1,1.0
6189,74.0,0,1.0
6191,78.3333333333,0,3.0
6192,95.0,1,2.0
6193,83.0,0,1.0
6194,110.5,1,4.0
6195,83.75,0,1.0
6197,75.25,0,4.0
6198,88.25,1,1.0
6201,94.25,0,4.0
6202,109.75,1,2.0
6203,108.0,0,4.0
6209,94.0,0,1.0
6210,100.75,1,1.0
6216,134.5,0,4.0
6217,111.25,1,4.0
6218,124.0,1,2.0
6220,103.0,1,3.0
6221,108.0,0,2.0
6231,109.25,0,1.0
6235,119.5,1,3.0
6237,106.0,0,4.0
6238,104.5,1,4.0
6240,98.25,0,3.0
6241,96.25,0,3.0
6242,83.6666666667,0,4.0
6243,66.75,0,4.0
6244,90.75,1,3.0
6252,122.75,0,4.0
6255,134.0,0,2.0
6258,119.25,0,1.0
6268,115.0,1,2.0
6276,131.0,0,3.0
6284,117.5,1,3.0
6288,87.5,0,4.0
6296,75.0,0,2.0
630,73.5,1,1.0
6390,71.75,0,1.0
6396,82.75,0,3.0
6413,104.25,0,2.0
6424,77.0,0,2.0
6434,62.75,0,3.0
6445,67.0,1,2.0
6680,99.25,1,1.0
6709,69.0,1,2.0
6744,63.25,1,2.0
6830,69.75,0,3.0
6897,68.0,0,2.0
6898,57.5,0,3.0
6900,116.0,1,2.0
6901,95.5,1,3.0
6903,81.5,0,2.0
6904,72.25,0,4.0
6906,55.75,0,3.0
6907,72.0,1,4.0
6908,66.0,1,2.0
6909,70.5,0,3.0
6911,62.75,0,2.0
6913,120.6666666667,1,1.0
6915,76.5,1,1.0
6916,75.0,0,2.0
6917,144.0,0,1.0
6918,123.0,1,3.0
6919,76.75,1,2.0
6920,86.75,0,4.0
6921,83.25,0,2.0
6922,71.0,1,2.0
6923,57.0,0,3.0
6924,61.5,1,2.0
6926,66.25,1,1.0
6927,73.5,1,3.0
6928,77.25,0,3.0
6929,78.5,1,1.0
6931,59.75,0,3.0
6932,63.5,1,1.0
6933,63.75,1,4.0
6936,80.5,0,4.0
6937,75.75,0,2.0
6938,72.0,1,2.0
6939,61.25,1,3.0
6940,64.25,0,2.0
6943,60.75,0,4.0
6944,63.75,1,1.0
6945,76.5,1,4.0
6951,79.5,0,1.0
6956,84.5,0,1.0
6957,81.25,1,3.0
6958,68.75,1,2.0
6959,71.75,0,2.0
6960,55.0,0,1.0
6961,59.0,1,2.0
6963,78.75,1,3.0
6964,94.75,0,2.0
6965,94.6666666667,0,3.0
6966,62.25,0,4.0
6967,62.75,0,4.0
6968,92.5,0,2.0
6969,91.25,0,4.0
6970,62.5,0,1.0
6971,66.25,0,3.0
6972,79.5,1,2.0
6973,77.25,0,4.0
6974,108.75,1,4.0
6975,67.25,0,3.0
6976,71.25,0,4.0
6979,54.75,1,2.0
6981,62.25,1,2.0
6982,78.5,0,4.0
6984,69.25,0,3.0
6985,65.5,0,3.0
6986,61.5,0,2.0
6987,69.0,0,4.0
6989,78.25,1,2.0
6990,79.0,1,2.0
6992,68.0,0,3.0
6994,79.0,0,4.0
6997,81.0,1,3.0
7000,78.0,1,3.0
7002,80.25,0,2.0
7003,71.75,0,3.0
7008,95.5,0,3.0
7010,77.0,0,3.0
7013,63.0,0,1.0
7014,81.5,1,2.0
7025,71.5,0,4.0
7026,69.0,1,3.0
7028,57.5,1,1.0
7031,78.25,1,2.0
7033,78.75,0,3.0
7036,67.75,1,1.0
7058,87.25,1,3.0
7061,87.25,0,3.0
7062,62.25,0,1.0
7063,72.25,0,3.0
7064,68.3333333333,1,1.0
7067,58.75,1,2.0
7068,63.75,1,4.0
7071,64.25,1,3.0
7072,70.25,0,3.0
7075,96.0,0,3.0
7077,54.5,1,4.0
7081,58.5,0,2.0
7092,68.0,0,2.0
7094,67.25,1,4.0
7096,65.5,0,2.0
7098,58.5,0,3.0
7102,87.25,0,2.0
7103,62.25,1,2.0
7106,76.5,1,2.0
7107,67.25,0,3.0
7109,60.75,0,3.0
7111,86.0,1,2.0
7117,58.0,1,1.0
7119,65.5,1,1.0
7120,62.5,0,4.0
7123,70.75,0,3.0
7125,69.25,1,1.0
7126,95.5,0,4.0
7127,59.75,1,3.0
7130,91.6666666667,0,3.0
7133,76.0,1,4.0
7138,85.5,0,1.0
7143,83.0,1,3.0
7147,74.5,1,1.0
7148,73.75,0,2.0
7158,63.3333333333,0,2.0
7160,72.25,0,4.0
7161,61.25,1,1.0
7162,65.0,1,3.0
7163,66.5,0,1.0
7164,69.75,1,2.0
7165,71.5,1,4.0
7166,67.25,0,1.0
7169,82.5,1,2.0
7177,65.75,1,2.0
7181,96.75,1,4.0
7186,75.0,0,1.0
7192,68.75,1,2.0
7199,66.5,0,4.0
7202,63.0,1,3.0
7203,67.25,1,3.0
7206,65.0,0,2.0
7207,70.25,1,2.0
7208,73.0,1,4.0
7209,63.5,1,1.0
7213,65.5,1,1.0
7217,56.5,0,1.0
7218,75.0,0,1.0
7223,75.75,0,4.0
7231,65.75,1,2.0
7236,73.5,1,1.0
7244,68.0,0,1.0
7248,71.5,0,2.0
7250,58.0,1,4.0
7252,112.6666666667,1,4.0
7255,62.0,1,2.0
7258,71.0,0,3.0
7263,61.75,0,3.0
7268,65.75,0,1.0
7273,77.0,0,2.0
7276,73.75,1,1.0
7280,80.75,0,4.0
7282,62.5,1,2.0
7287,71.0,0,1.0
7288,82.5,1,3.0
7296,84.25,1,1.0
7298,81.75,0,4.0
7305,79.25,0,4.0
7306,76.5,1,1.0
7307,78.5,0,4.0
7308,84.75,1,3.0
7314,66.0,1,3.0
7316,81.25,1,4.0
7319,58.5,1,4.0
7320,80.75,1,2.0
7322,76.5,0,3.0
7323,75.75,0,4.0
7327,64.5,1,4.0
7328,56.25,1,3.0
7329,66.75,0,4.0
7330,85.25,1,1.0
7332,64.0,0,2.0
7333,68.75,0,1.0
7337,74.5,0,4.0
7342,83.0,1,2.0
7343,72.0,0,1.0
7344,73.5,0,1.0
7346,78.25,1,2.0
7347,64.75,1,3.0
7349,81.25,0,3.0
7350,80.0,1,3.0
7351,97.3333333333,1,4.0
7353,86.0,0,1.0
7354,100.25,1,2.0
7355,80.75,1,3.0
7356,88.0,1,3.0
7372,83.0,0,3.0
7373,81.25,1,4.0
7377,75.75,0,2.0
7378,71.25,0,3.0
7382,55.5,0,3.0
7383,60.5,0,4.0
7384,76.25,0,2.0
7387,60.75,0,3.0
7394,56.75,1,2.0
7396,61.5,1,3.0
7404,68.5,0,4.0
7411,66.0,0,4.0
7413,69.25,0,1.0
7415,72.25,0,4.0
7416,81.5,1,3.0
7417,86.3333333333,1,1.0
7418,63.5,0,3.0
7419,69.0,1,4.0
7424,57.75,0,1.0
7427,101.0,0,4.0
7430,72.5,0,1.0
7438,77.75,1,4.0
7458,79.5,1,1.0
7460,75.0,0,3.0
7461,68.0,1,4.0
7471,56.25,0,3.0
7477,74.0,1,3.0
7514,80.25,1,2.0
7515,73.75,1,3.0
7516,105.0,1,3.0
7517,115.0,1,4.0
7518,93.25,1,4.0
7519,90.25,1,3.0
7520,73.25,1,1.0
7521,70.75,0,1.0
7522,93.0,1,2.0
7523,80.0,0,3.0
7524,61.25,1,2.0
7525,63.0,1,3.0
7526,75.5,0,3.0
763,65.75,1,3.0
765,56.75,1,4.0
766,63.5,0,2.0
768,76.5,1,1.0
770,75.25,0,2.0
7717,82.75,0,3.0
772,67.5,1,3.0
7917,82.25,1,3.0
7947,82.25,0,2.0
801,94.75,0,4.0
8077,70.0,1,1.0
8132,74.0,1,1.0
8213,58.75,0,1.0
8214,65.0,1,4.0
8222,100.0,0,2.0
8227,120.0,1,4.0
8230,110.3333333333,0,2.0
8231,100.75,1,4.0
8233,75.5,0,4.0
8234,102.6666666667,0,1.0
8235,74.5,0,3.0
8236,74.0,1,4.0
8237,97.25,1,4.0
8238,79.5,0,2.0
8239,56.0,1,2.0
8240,94.5,0,1.0
8241,90.75,1,3.0
8242,116.75,1,3.0
8243,80.0,0,3.0
8244,90.5,0,2.0
8246,70.5,0,1.0
8247,98.0,1,2.0
8249,93.75,0,2.0
8256,73.25,1,2.0
8258,93.0,0,4.0
8259,88.0,1,4.0
8264,65.5,1,3.0
8266,105.0,1,4.0
8275,78.3333333333,1,2.0
8283,84.25,0,4.0
8284,83.25,0,3.0
8285,66.5,0,4.0
8290,63.25,0,4.0
8297,85.75,0,1.0
8304,57.0,1,1.0
8306,102.5,0,3.0
8307,79.25,1,3.0
8311,65.5,1,4.0
8312,65.75,1,1.0
8314,64.0,0,3.0
8325,77.0,1,3.0
8326,86.75,1,2.0
8334,74.75,0,1.0
8335,100.0,0,1.0
8337,74.0,0,3.0
8343,81.25,0,2.0
8351,103.0,1,2.0
8353,50.75,1,2.0
8354,82.0,0,2.0
8357,71.75,0,3.0
8365,74.0,0,1.0
8366,78.3333333333,1,1.0
8369,98.0,0,1.0
8376,103.0,1,3.0
8378,66.25,1,1.0
8386,75.0,0,2.0
8387,74.25,0,3.0
8395,75.75,1,2.0
8419,94.25,1,2.0
8420,74.75,1,4.0
8422,116.75,1,4.0
8423,98.5,0,1.0
8424,68.25,0,2.0
8424,68.25,1,1.0
8426,62.75,0,4.0
8428,66.75,1,2.0
8430,90.5,0,4.0
8472,63.5,0,2.0
8584,89.0,1,2.0
870,72.5,0,2.0
88,61.25,0,1.0
9045,88.75,0,3.0
9057,87.5,0,4.0
9058,113.25,1,2.0
9061,97.25,1,4.0
9063,97.75,1,2.0
9064,94.75,0,2.0
9066,95.25,1,1.0
9067,101.75,0,2.0
9069,82.75,1,4.0
9070,80.0,1,1.0
9073,93.25,0,3.0
9075,93.25,0,2.0
9078,100.25,0,3.0
9079,101.0,1,2.0
9081,91.25,0,2.0
9082,91.25,0,2.0
9084,103.75,1,1.0
9085,103.0,1,2.0
9089,88.6666666667,0,2.0
9090,89.5,0,2.0
9091,99.75,0,1.0
9094,93.5,1,1.0
9095,104.0,1,4.0
9096,105.0,1,2.0
9098,99.75,1,4.0
9099,100.25,1,3.0
9100,77.5,0,1.0
9102,83.75,0,1.0
9103,83.25,0,2.0
9104,60.75,1,4.0
9105,77.25,1,4.0
9106,87.25,1,2.0
9111,100.5,0,4.0
9113,76.0,1,3.0
9114,99.75,0,3.0
9115,91.25,0,1.0
9119,97.5,1,3.0
9120,105.5,0,3.0
9121,105.25,0,2.0
9124,104.5,0,4.0
9125,74.0,1,1.0
9128,69.5,1,2.0
9130,72.75,0,1.0
9131,72.5,0,4.0
9133,73.25,1,1.0
9134,79.75,0,3.0
915,63.75,1,1.0
9298,60.0,0,2.0
9312,75.25,0,2.0
9314,74.25,0,4.0
932,78.0,0,2.0
9321,106.75,1,1.0
9323,97.0,1,1.0
9330,90.5,1,1.0
9332,114.25,1,4.0
9336,84.0,0,4.0
9339,104.5,0,2.0
9343,94.5,0,1.0
9352,127.75,1,3.0
9353,126.0,1,3.0
9356,100.5,0,1.0
9363,134.0,1,3.0
9369,81.75,1,2.0
9371,129.25,1,1.0
9380,101.0,0,3.0
9381,98.25,1,1.0
9382,99.0,1,1.0
9383,99.3333333333,1,4.0
9386,115.5,1,4.0
9388,127.25,0,3.0
9390,79.75,0,1.0
9391,85.0,0,1.0
9392,87.25,0,1.0
9394,110.6666666667,0,1.0
9395,104.5,1,4.0
9399,97.0,1,1.0
9402,92.25,1,1.0
9404,95.0,1,4.0
9405,103.5,1,4.0
9407,91.75,0,4.0
9408,108.25,0,3.0
9409,108.25,1,4.0
9412,87.25,1,2.0
9413,86.0,1,3.0
9416,135.5,1,2.0
9421,107.0,0,4.0
9427,96.75,0,2.0
9433,138.0,1,2.0
9434,110.25,0,3.0
9436,89.0,0,3.0
9437,91.75,1,4.0
9442,104.75,0,1.0
9450,88.0,0,1.0
9451,107.5,1,1.0
9452,101.5,1,3.0
9453,106.5,0,2.0
9454,101.25,1,3.0
9455,93.25,1,4.0
9470,102.6666666667,0,3.0
9476,120.25,1,1.0
9481,110.5,1,3.0
9503,64.0,0,1.0
9506,77.75,1,2.0
9507,55.0,0,4.0
9508,62.0,0,1.0
9509,64.5,1,3.0
9510,59.25,0,4.0
9511,64.25,1,4.0
9512,51.25,0,1.0
9513,71.75,0,1.0
9514,72.5,1,4.0
9515,56.25,0,1.0
9516,67.75,1,4.0
9517,64.0,1,4.0
9518,92.0,0,1.0
9519,77.25,0,4.0
9520,113.5,1,3.0
9521,69.75,0,1.0
9522,59.0,1,1.0
9523,86.75,1,3.0
9524,97.25,1,1.0
9525,91.75,1,1.0
9526,65.0,1,3.0
9527,86.25,1,1.0
9528,105.3333333333,0,3.0
9529,65.0,1,4.0
9530,90.5,1,1.0
9531,91.0,0,3.0
9532,106.0,0,1.0
9533,89.0,0,3.0
9534,69.75,1,4.0
9535,93.5,1,1.0
9536,99.0,0,4.0
9537,64.25,0,3.0
9538,82.5,0,1.0
9539,78.5,0,2.0
9540,75.25,1,4.0
9541,68.5,1,3.0
9542,90.0,0,4.0
9543,94.3333333333,1,4.0
9544,57.25,1,3.0
9545,83.5,0,4.0
9546,148.5,1,1.0
9547,79.25,1,4.0
9548,128.0,1,2.0
9549,91.0,1,1.0
9550,130.25,0,2.0
9551,102.0,0,4.0
9552,128.75,1,1.0
9553,100.75,0,1.0
9554,94.0,0,1.0
9555,93.5,1,4.0
9556,76.25,1,3.0
9557,107.25,0,1.0
9558,96.5,0,4.0
9559,56.75,1,2.0
9560,69.25,1,1.0
9561,101.0,0,1.0
9562,93.25,0,1.0
9563,80.25,0,2.0
9564,122.25,0,4.0
9565,74.5,1,4.0
9566,104.0,0,3.0
9567,113.0,0,2.0
9568,103.75,0,4.0
9569,99.0,1,1.0
9570,105.0,0,3.0
9571,56.5,1,2.0
9572,111.25,0,3.0
9573,70.25,0,4.0
9574,112.0,0,3.0
9575,118.5,1,1.0
9576,106.0,0,2.0
9577,99.5,0,4.0
9578,75.25,1,3.0
9579,77.0,0,3.0
9580,78.25,0,4.0
9581,111.0,0,3.0
9582,95.75,0,3.0
9583,96.75,1,1.0
9584,88.5,1,1.0
9585,52.25,0,2.0
9586,97.5,1,2.0
9587,101.0,1,4.0
9588,85.0,0,4.0
9589,85.75,1,4.0
9590,51.25,0,3.0
9591,67.0,0,2.0
9592,95.0,1,3.0
9593,109.5,0,1.0
9594,95.0,1,4.0
9595,80.5,1,2.0
9596,73.0,1,2.0
9597,69.75,1,2.0
9598,87.0,1,2.0
9599,84.75,1,2.0
9600,89.5,0,2.0
9601,97.0,1,3.0
9602,77.25,0,2.0
9603,96.0,1,3.0
9604,109.25,1,4.0
9605,104.0,0,2.0
9606,63.0,1,2.0
9607,88.75,1,1.0
9608,58.0,1,1.0
9609,74.5,0,1.0
9610,82.25,0,2.0
9611,73.5,0,2.0
9612,86.5,0,3.0
9613,81.75,1,4.0
9614,85.5,1,1.0
9615,85.75,0,4.0
9616,93.5,1,4.0
9617,70.75,0,3.0
9618,89.25,0,1.0
9619,77.3333333333,1,3.0
9620,89.75,1,3.0
9621,92.0,1,2.0
9622,92.0,1,4.0
9623,78.25,1,1.0
9624,79.5,0,1.0
9625,91.75,0,2.0
9626,77.3333333333,1,2.0
9627,90.5,1,4.0
9628,78.5,1,1.0
9629,98.0,0,2.0
9630,84.75,1,3.0
9631,98.5,1,1.0
9632,92.0,0,2.0
9633,88.25,0,1.0
9634,91.0,0,3.0
9635,93.25,0,1.0
9636,109.75,0,2.0
9637,81.25,1,4.0
9638,88.25,0,4.0
9639,78.0,0,4.0
9640,92.75,1,3.0
9641,82.6666666667,1,1.0
9642,95.5,0,1.0
9643,85.0,0,2.0
9644,76.75,0,4.0
9645,77.5,0,2.0
9646,62.5,1,1.0
9647,67.75,0,1.0
9648,60.0,1,2.0
9649,76.25,1,4.0
9650,83.25,0,1.0
9651,64.0,0,2.0
9652,64.25,1,3.0
9653,59.5,1,3.0
9654,62.25,1,1.0
9655,79.0,1,2.0
9656,78.25,0,2.0
9657,58.5,1,4.0
9658,71.3333333333,1,3.0
9659,71.25,0,3.0
9660,53.25,0,1.0
9661,55.25,1,1.0
9662,80.0,0,4.0
9663,69.75,1,4.0
9664,85.5,1,1.0
9665,85.5,0,4.0
9666,86.5,0,1.0
9667,89.0,1,4.0
9668,82.5,1,1.0
9669,81.0,0,3.0
9670,105.5,1,2.0
9671,90.5,1,3.0
9672,85.3333333333,1,1.0
9673,87.5,1,1.0
9674,86.75,0,4.0
9675,78.0,1,4.0
9676,87.75,1,2.0
9677,81.75,1,1.0
9678,69.0,0,1.0
9679,69.25,0,4.0
9680,62.75,1,1.0
9681,66.25,0,1.0
9682,77.75,1,1.0
9683,64.0,1,4.0
9684,84.0,0,1.0
9685,84.75,0,3.0
9686,84.3333333333,0,4.0
9687,88.5,1,1.0
9688,69.0,1,3.0
9689,67.75,0,4.0
9690,75.5,0,1.0
9691,74.0,0,3.0
9692,72.0,1,4.0
9693,68.5,0,3.0
9694,76.5,0,3.0
9695,103.5,1,4.0
9696,77.5,1,1.0
9697,77.5,1,1.0
9698,81.0,0,2.0
9699,74.25,0,3.0
9700,80.0,1,1.0
9701,85.5,0,2.0
9702,81.0,0,3.0
9703,76.5,1,3.0
9704,75.5,1,2.0
9705,71.3333333333,1,3.0
9706,95.25,1,4.0
9707,80.5,0,3.0
9708,89.0,1,4.0
9709,82.0,0,1.0
9710,80.5,1,1.0
9711,75.0,1,4.0
9712,77.0,1,4.0
9713,75.25,1,1.0
9714,80.75,1,2.0
9715,76.75,0,2.0
9716,102.6666666667,1,1.0
9717,90.25,0,4.0
9718,78.75,0,2.0
9719,72.5,1,4.0
9720,100.75,1,3.0
9721,77.5,0,2.0
9722,99.5,0,2.0
9723,76.0,0,1.0
9724,73.5,1,4.0
9725,61.25,0,1.0
9726,67.0,0,1.0
9727,61.25,1,4.0
9728,77.5,1,4.0
9729,96.75,1,1.0
9730,89.0,0,1.0
9731,92.5,1,3.0
9732,82.0,1,1.0
9733,80.0,0,4.0
9734,84.25,0,2.0
9735,85.5,0,3.0
9736,78.0,0,1.0
9737,85.75,0,3.0
9738,79.0,0,1.0
9739,86.0,1,2.0
9740,89.75,1,4.0
9741,88.0,0,4.0
9742,78.0,0,4.0
9743,79.5,0,3.0
9744,78.75,0,3.0
9745,79.5,0,1.0
9746,95.75,0,4.0
9747,86.0,1,4.0
9748,81.0,0,2.0
9749,74.75,1,4.0
9750,69.0,1,2.0
9751,90.5,0,3.0
9752,91.75,1,3.0
9753,101.25,0,3.0
9754,79.25,1,4.0
9755,88.75,0,1.0
9756,88.75,0,2.0
9757,93.75,0,1.0
9758,71.25,1,3.0
9759,61.5,1,4.0
9760,55.75,0,2.0
9761,65.25,1,4.0
9762,95.5,1,4.0
9764,69.75,1,3.0
9766,57.75,0,3.0
9767,70.0,0,3.0
9768,74.5,0,2.0
9769,66.5,1,3.0
9770,67.0,0,4.0
9771,62.5,0,2.0
9772,67.0,1,3.0
9773,74.75,1,2.0
9774,68.0,1,3.0
9775,60.0,0,4.0
9776,65.25,1,2.0
9777,66.5,0,1.0
9778,71.5,0,1.0
9779,63.25,1,1.0
9780,72.25,1,1.0
9781,60.0,1,2.0
9782,63.25,1,2.0
9783,76.5,0,4.0
9784,60.25,1,2.0
9785,63.25,1,3.0
9786,64.75,0,2.0
9787,70.5,0,1.0
9788,62.5,0,4.0
9789,65.0,1,2.0
9790,66.75,0,3.0
9791,65.3333333333,0,3.0
9792,62.75,0,2.0
9793,62.0,0,4.0
9794,69.25,1,3.0
9795,57.75,0,1.0
9796,73.5,0,2.0
9797,69.0,1,2.0
9798,65.25,1,4.0
9799,66.25,0,1.0
9800,68.5,1,1.0
9801,62.0,0,4.0
9802,69.75,1,4.0
9803,63.0,1,3.0
9804,65.75,0,1.0
9805,70.5,1,1.0
9806,67.0,1,2.0
9807,67.5,1,4.0
9808,75.25,1,3.0
9809,74.75,0,2.0
9810,69.25,1,3.0
9811,69.75,1,1.0
9812,67.75,0,1.0
9813,65.75,0,1.0
9814,71.5,0,3.0
9815,72.5,1,2.0
9816,63.0,1,4.0
9817,64.25,0,4.0
9818,79.5,1,1.0
9819,98.0,1,2.0
9820,61.75,0,2.0
9821,79.5,0,4.0
9822,82.0,0,2.0
9823,63.0,0,3.0
9824,115.5,0,4.0
9825,68.5,1,3.0
9826,77.0,0,2.0
9827,69.25,0,3.0
9828,82.25,1,1.0
9829,83.25,1,4.0
9830,61.5,0,2.0
9831,86.25,1,4.0
9832,97.0,1,1.0
9833,75.75,1,4.0
9834,75.0,0,2.0
9835,81.75,1,1.0
9836,109.5,0,1.0
9837,76.3333333333,1,3.0
9838,73.5,1,4.0
9839,102.75,0,1.0
9840,100.5,0,4.0
9841,77.75,1,2.0
9842,90.75,0,1.0
9843,62.75,0,4.0
9844,89.25,1,2.0
9845,77.5,0,1.0
9846,116.0,0,1.0
9847,60.0,1,4.0
9848,85.75,0,4.0
9849,99.0,1,4.0
9850,95.5,0,1.0
9851,119.5,0,1.0
9852,76.25,0,4.0
9853,56.75,0,2.0
9854,58.75,1,1.0
9855,73.0,0,2.0
9856,75.25,0,3.0
9857,65.75,0,4.0
9858,120.75,0,2.0
9859,76.25,0,3.0
9860,80.75,0,4.0
9861,107.5,0,4.0
9862,67.5,0,1.0
9863,58.5,1,3.0
9864,63.25,0,4.0
9865,93.0,0,1.0
9866,104.75,0,3.0
9867,101.75,1,1.0
9868,70.25,0,1.0
9869,86.25,1,3.0
9870,100.5,0,1.0
9871,105.0,0,2.0
9872,105.5,0,3.0
9873,66.75,1,4.0
9874,68.75,1,1.0
9875,63.75,0,1.0
9876,87.25,0,3.0
9877,124.75,0,1.0
9878,113.25,1,2.0
9879,68.5,0,1.0
9880,91.5,0,2.0
9881,82.0,1,3.0
9882,78.5,0,4.0
9883,60.0,0,1.0
9884,97.0,0,1.0
9885,116.25,0,4.0
9886,85.75,1,1.0
9887,89.3333333333,1,1.0
9888,86.25,0,4.0
9889,153.5,1,4.0
9890,96.0,0,4.0
9891,83.0,1,1.0
9892,88.5,0,4.0
9893,60.0,0,1.0
9894,88.25,0,4.0
9895,75.75,1,1.0
9896,79.5,0,2.0
9897,81.0,0,1.0
9898,97.75,1,3.0
9899,70.75,1,2.0
9900,53.0,0,3.0
9901,117.0,1,3.0
9902,98.0,1,2.0
9903,108.0,1,3.0
9904,107.5,0,1.0
9905,89.75,0,4.0
9906,88.0,0,1.0
9907,67.5,1,4.0
9908,65.25,1,2.0
9909,87.0,0,2.0
991,110.5,1,1.0
9910,70.0,1,1.0
9911,66.0,0,4.0
9913,81.5,1,4.0
9914,74.75,1,1.0
9915,84.25,0,4.0
9916,68.75,1,4.0
9917,75.25,1,2.0
9918,81.25,1,3.0
9919,67.75,1,1.0
992,116.0,0,1.0
9920,64.0,0,3.0
9921,64.5,1,4.0
9922,62.75,1,4.0
9923,66.25,0,3.0
9924,66.5,0,3.0
9925,92.5,0,3.0
9926,67.0,0,1.0
9927,87.75,0,1.0
9928,83.5,0,1.0
9929,85.25,0,2.0
9930,75.75,0,3.0
9931,57.0,0,4.0
9932,81.5,1,3.0
9933,76.75,1,3.0
9934,56.0,1,1.0
9935,79.25,1,1.0
9936,71.75,0,1.0
9937,67.0,0,2.0
9938,67.25,0,2.0
9939,75.25,1,1.0
9940,67.0,1,1.0
9941,70.0,0,3.0
9942,65.6666666667,1,4.0
9943,74.0,0,1.0
9944,75.75,0,4.0
9945,113.5,0,2.0
9946,61.5,1,1.0
9947,104.5,1,4.0
9948,105.0,1,3.0
9949,76.75,1,3.0
9950,99.0,0,4.0
9951,98.75,1,1.0
9952,86.0,0,1.0
9953,88.0,0,1.0
9954,97.5,1,1.0
9955,80.5,1,1.0
9956,72.75,0,2.0
9957,83.75,0,1.0
9958,82.0,1,2.0
9959,81.5,1,2.0
9960,82.5,0,1.0
9961,84.25,0,4.0
9962,78.0,0,2.0
9963,75.0,1,2.0
9964,70.0,1,2.0
9965,70.5,1,1.0
9966,90.5,0,3.0
9967,70.0,1,2.0
9968,66.75,0,3.0
9969,68.75,0,3.0
997,101.25,1,1.0
9970,86.5,1,4.0
9971,70.5,1,1.0
9972,63.0,1,4.0
9973,94.25,0,3.0
9974,94.0,1,4.0
9975,79.25,0,1.0
9976,79.0,1,2.0
9977,94.75,1,4.0
9978,80.25,0,4.0
9979,82.5,1,3.0
9980,68.5,1,3.0
9981,69.25,0,3.0
9982,85.5,0,2.0
9983,63.0,1,4.0
9984,65.75,1,2.0
9985,71.0,0,1.0
9986,89.3333333333,0,4.0
9987,91.0,0,1.0
9988,95.5,1,3.0
9989,103.5,1,4.0
9990,83.75,1,4.0
9991,90.5,0,4.0
9992,92.25,0,2.0
9993,97.75,1,1.0
9994,78.0,0,3.0
9995,64.25,0,2.0
9996,61.3333333333,1,3.0
9997,70.25,0,4.0
9998,68.0,0,1.0
9999,72.0,0,
